id,prediction
1,"[""Jamaican Patois (also known""]"
2,"[""President James K""]"
3,"[""2012 Oregon Ducks football schedule: 1""]"
4,"[""William Roache""]"
5,"[""After Mr""]"
6,"[""Anton Stadler""]"
7,"[""Louisiana""]"
8,"[""Tuskegee, Alabama""]"
9,"[""Benjamin Franklin's inventions include: 1""]"
10,"[""Pat Nixon""]"
11,"[""Germany invaded Belgium first in WW1""]"
12,"[""Sandals South Coast F.C""]"
13,"[""Ted Strickland""]"
14,"[""Robert F""]"
15,"[""located in Fukushima Prefecture, Japan""]"
16,"[""Kevin McCarthy""]"
17,"[""the specific countries that are part of the United Kingdom: 1""]"
18,"[""Ian Holm""]"
19,"[""the specific answers to the questions: 1""]"
20,"[""I'm sorry, but I don't have access to your location information""]"
21,"[""The St""]"
22,"[""Daniel Gibson""]"
23,"[""Egypt""]"
24,"[""Memphis""]"
25,"[""Edgar Allan Poe died in Baltimore, Maryland""]"
26,"[""Charles Goodyear invented rubber in 1839""]"
27,"[""some activities to do with kids in Atlanta: 1""]"
28,"[""Japan""]"
29,"[""South Brisbane""]"
30,"[""Fox""]"
31,"[""some specific traditions of Islam mentioned in the text: 1""]"
32,"[""Piedmont High School""]"
33,"[""Australian dollar""]"
34,"[""Sweden follows the Central European Time (CET) time zone""]"
35,"[""The 2011 NFL Draft""]"
36,"[""located in the northern part of the U""]"
37,"[""Monroeville High School""]"
38,"[""UTC+2""]"
39,"[""John Kerry""]"
40,"[""Caroline Morahan""]"
41,"[""Joseph Stalin""]"
42,"[""Galápagos Islands""]"
43,"[""Sorry""]"
44,"[""Georges Clemenceau""]"
45,"[""Quercus arizonica""]"
46,"[""Stratford-upon-Avon, England""]"
47,"[""1841""]"
48,"[""Mission Hills, Los Angeles, California""]"
49,"[""Seoul""]"
50,"[""creed""]"
51,"[""neutron""]"
52,"[""Margaret McWade""]"
53,"[""alzheimers""]"
54,"[""Union""]"
55,"[""Germany""]"
56,"[""Michael Steven Bublé""]"
57,"[""Johnson County, Kansas""]"
58,"[""John Quincy Adams""]"
59,"[""Brooklyn Dodgers""]"
60,"[""Annie opened in 1933""]"
61,"[""Roosevelt National Historic Site""]"
62,"[""the specific religions practiced in Indonesia: 1""]"
63,"[""Robert Ford""]"
64,"[""the VP for Lincoln""]"
65,"[""the specific books written by Charles Dickens: 1""]"
66,"[""Joseph Stalin""]"
67,"[""called the Puerto Rican dollar""]"
68,"[""brain cancer""]"
69,"[""Val Kilmer""]"
70,"[""Williamson County""]"
71,"[""Dr""]"
72,"[""Meredith Baxter""]"
73,"[""the specific battles fought by Stonewall Jackson: 1""]"
74,"[""Maasai language""]"
75,"[""Sarah Bache""]"
76,"[""Pancreatic cancer""]"
77,"[""the specific works of art mentioned in the text that Leonardo da Vinci produced: 1""]"
78,"[""Vienna""]"
79,"[""Eva Perón had breast cancer""]"
80,"[""India""]"
81,"[""Weld County""]"
82,"[""primarily filmed at Stage 1 at the Warner Bros""]"
83,"[""Pathétique""]"
84,"[""the specific countries that speak German officially: 1""]"
85,"[""John Lennon sang folk rock music""]"
86,"[""1""]"
87,"[""Iceland""]"
88,"[""206""]"
89,"[""Lisa Stahl""]"
90,"[""Wade-Giles""]"
91,"[""Joseph Jefferson""]"
92,"[""The San Francisco Call""]"
93,"[""primarily caused by a combination of factors, including: 1""]"
94,"[""the continent of Asia""]"
95,"[""acute toxicity""]"
96,"[""On the Origin of Species""]"
97,"[""Richard Nixon died at his home in Park Ridge, New Jersey, on April 22, 1994""]"
98,"[""The Way You Do the Things You Do""]"
99,"[""Lyndon B""]"
100,"[""called Serbian""]"
101,"[""Haitian Creole""]"
102,"[""the names of the city-states in ancient Greece: 1""]"
103,"[""Batman""]"
104,"[""the specific basketball teams that Shaquille O'Neal has played for: 1""]"
105,"[""Jay Leno""]"
106,"[""mostly rural and concentrated in the central, northeastern, and northern regions""]"
107,"[""Armand Hammer played the role of Illya Kuryakin in the social network film""]"
108,"[""Thomas Jefferson""]"
109,"[""On the Origin of Species""]"
110,"[""Tim Tebow played college football for the University of Florida""]"
111,"[""The Denver Broncos""]"
112,"[""located in Central and Eastern Europe""]"
113,"[""Robert Burns""]"
114,"[""Anton van Leeuwenhoek contributed to our knowledge of cells by: 1""]"
115,"[""Matt Sloan""]"
116,"[""Super Bowl XLIX""]"
117,"[""Ireland""]"
118,"[""manufactured in several locations, including: 1""]"
119,"[""The following individuals fought in the 1991 Gulf War: 1""]"
120,"[""The Suite Life on Deck""]"
121,"[""Traditional Chinese characters""]"
122,"[""LA Galaxy""]"
123,"[""Salamanca, Spain""]"
124,"[""Here's the answer to the extracted question: Google now offers various services and features, including: 1""]"
125,"[""Egyptian Arabic""]"
126,"[""the names of Abraham's sons mentioned in the provided context: 1""]"
127,"[""Rabindranath Tagore""]"
128,"[""Ovarian cancer""]"
129,"[""Daryl Sabara""]"
130,"[""Lucille Désirée Ball""]"
131,"[""Tom Bergeron""]"
132,"[""Michelle LaVaughn Robinson Obama""]"
133,"[""Meredith Baxter""]"
134,"[""Sarasota County, Florida""]"
135,"[""Agatha Christie wrote mystery fiction novels and short story collections, particularly those revolving around her fictional detectives Hercule Poirot and Miss Marple""]"
136,"[""Rielle Hunter""]"
137,"[""Purple Haze""]"
138,"[""Arden Way""]"
139,"[""Castilian""]"
140,"[""Fairfax County, Virginia""]"
141,"[""Sweet Life Mix""]"
142,"[""Glóin""]"
143,"[""Barry Appelman""]"
144,"[""Stonewall""]"
145,"[""Art Rooney""]"
146,"[""University of California, Berkeley""]"
147,"[""The Jordan Grand Prix team""]"
148,"[""Bill Lee""]"
149,"[""Eli Whitney, an American inventor and entrepreneur, best known for inventing the cotton gin, and his nephew Eli Whitney Blake, an inventor""]"
150,"[""Portuguese""]"
151,"[""Spanish""]"
152,"[""Pleasant Valley High School in Chico, California""]"
153,"[""the answers to the questions based on the provided context: 1""]"
154,"[""polígonos,""]"
155,"[""the specific instruments Louis Armstrong played: 1""]"
156,"[""2000""]"
157,"[""Pacific Time Zone""]"
158,"[""San Buenaventura de Potano""]"
159,"[""Benito Mussolini""]"
160,"[""North American Eastern Time Zone""]"
161,"[""Upper Silesia""]"
162,"[""Seton Hall University""]"
163,"[""the countries Greece shares borders with: 1""]"
164,"[""The Seattle Seahawks won the Super Bowl in 2013""]"
165,"[""Stephen Hawking became famous for his work""]"
166,"[""Catherine Tate""]"
167,"[""Phyllis Cerf""]"
168,"[""Queensland""]"
169,"[""Federalist No""]"
170,"[""Dutch, French, and German""]"
171,"[""Elijah Wood""]"
172,"[""Destin–Fort Walton Beach Airport""]"
173,"[""United States Senators""]"
174,"[""Estonia, Latvia, and Lithuania""]"
175,"[""San Francisco 49ers""]"
176,"[""Delaware University""]"
177,"[""Joakim Noah""]"
178,"[""Sagamore Hill""]"
179,"[""Franklin D""]"
180,"[""Fauvism""]"
181,"[""Missouri River""]"
182,"[""Thai Baht""]"
183,"[""Lamar Odom""]"
184,"[""* 2003-2007 * 1963-1969 * 2012""]"
185,"[""Utah""]"
186,"[""The specific answer is: national""]"
187,"[""Queen Margrethe II""]"
188,"[""Stephen Hawking studied French and Russian at the University of Oxford""]"
189,"[""Wasilla High School""]"
190,"[""North Africa""]"
191,"[""Dr""]"
192,"[""Purdue University""]"
193,"[""choice""]"
194,"[""Miami University""]"
195,"[""The Iroquois Indians originated from the region of present-day New York State, specifically from the area around the Mohawk River and the St. Lawrence River""]"
196,"[""Acoustic""]"
197,"[""Navajo""]"
198,"[""The places that make up New England are: 1""]"
199,"[""the landlocked countries in Latin America: 1""]"
200,"[""Iraq has a theocratic monarchy""]"
201,"[""Vietnam, Laos, and Cambodia""]"
202,"[""Spiro Agnew""]"
203,"[""The Euro""]"
204,"[""Jamie Little""]"
205,"[""Cairo""]"
206,"[""University of Cambridge""]"
207,"[""Shortstop""]"
208,"[""Cambridge, Massachusetts, USA""]"
209,"[""Janelle Brown works""]"
210,"[""Southeast Asia""]"
211,"[""Watts, Los Angeles, California""]"
212,"[""the countries near Italy: 1""]"
213,"[""the states that the Colorado River runs through: 1""]"
214,"[""David Harbour""]"
215,"[""the specific continents mentioned in the provided context as part of the Roman Empire: 1""]"
216,"[""Stratford-upon-Avon""]"
217,"[""located in western China and southern Mongolia""]"
218,"[""US""]"
219,"[""Europe""]"
220,"[""1903""]"
221,"[""Turkish""]"
222,"[""Jeremy Lin""]"
223,"[""Seychelles is located northeast of Madagascar and about 4ºS to 10ºS latitude, and 46ºE to 54ºE""]"
224,"[""around 51°F (11°C)""]"
225,"[""Birmingham University""]"
226,"[""Washington""]"
227,"[""Jimmy Savile""]"
228,"[""The Seneca Indians""]"
229,"[""William Howard Taft is known for being the 27th President of the United States, the 10th Chief""]"
230,"[""Washington, D.C""]"
231,"[""Wall Street Historic District""]"
232,"[""The Florida Marlins joined Major League Baseball (MLB) in 1993""]"
233,"[""The following countries have Spanish as the national language: 1""]"
234,"[""the specific entities mentioned in the context: 1""]"
235,"[""the specific countries the Panama Canal goes through: 1""]"
236,"[""The Circus""]"
237,"[""Marie Agnes Maney""]"
238,"[""Fred Durst, the frontman of the rap rock band Limp Bizkit, started making money playing in several Jacksonville, Florida bands, mowing lawns, and drawing tattoos""]"
239,"[""Philip Rivers""]"
240,"[""American Bulldogs originated in the American South""]"
241,"[""the specific colleges where Albert Einstein taught: 1""]"
242,"[""Mike Henry""]"
243,"[""Bullitt""]"
244,"[""Texas""]"
245,"[""The Blind Watchmaker""]"
246,"[""1951""]"
247,"[""Nikola Tesla's inventions include: 1""]"
248,"[""Flemish people originated from the western part of Belgium, specifically from the region of Flanders""]"
249,"[""New York""]"
250,"[""In 1973, Bruce Lee died due to complications from a cerebral edema caused by an allergic reaction to pain medication he""]"
251,"[""USA follows a federal system of government""]"
252,"[""Local currency""]"
253,"[""educated at the following places: 1""]"
254,"[""Britain""]"
255,"[""the specific countries in the world that speak Chinese: 1""]"
256,"[""University of Hawaii""]"
257,"[""Standard Chinese""]"
258,"[""Joseph Stalin""]"
259,"[""Australia exports 75% of its coal mined, mostly to eastern Asia""]"
260,"[""New York City""]"
261,"[""St Davids""]"
262,"[""known for her iconic self-portraits depicting women""]"
263,"[""some TV shows that Shawnee Smith played in: 1""]"
264,"[""Physics""]"
265,"[""Australian dollar""]"
266,"[""Leonardo da Vinci–Fiumicino Airport Rome–Fiumicino International Airport""]"
267,"[""What Do I Have to Do""]"
268,"[""Atlanta, Georgia""]"
269,"[""2010""]"
270,"[""The Delaware River originates in New York's Catskill Mountains, specifically near Mount Jefferson in the Town of Jefferson in Schoharie County""]"
271,"[""a constitutional monarchy""]"
272,"[""Mitt Romney's parents""]"
273,"[""the specific places in Japan that were bombed: 1""]"
274,"[""Michael Jordan returned to the NBA in 1995""]"
275,"[""socialist market economy""]"
276,"[""Egyptian pound""]"
277,"[""San Rafael, California""]"
278,"[""John Walton""]"
279,"[""Damian Lewis""]"
280,"[""King George, Virginia""]"
281,"[""the specific answers to the questions: 1""]"
282,"[""Do What's Good for Me""]"
283,"[""the answers to the extracted questions: 1""]"
284,"[""Drita found out""]"
285,"[""The Latin language originated from the Etruscan alphabet""]"
286,"[""21 December 2012""]"
287,"[""Stuttgart""]"
288,"[""the movies mentioned in the text that Carmen Electra has been in: 1""]"
289,"[""Shemini Atzeret""]"
290,"[""The exact date of""]"
291,"[""carried out according to the degree of evil one has done during their life""]"
292,"[""Morgan Freeman graduated from Duke University""]"
293,"[""Mary, Queen of Scots""]"
294,"[""most spoken in the Arab world""]"
295,"[""Carl Linnaeus""]"
296,"[""A government in exile""]"
297,"[""a democracy""]"
298,"[""North American Eastern Time Zone""]"
299,"[""1966""]"
300,"[""Ap Xin Zhao would likely try to win the heart of Yang Rui, despite her initial rejection""]"
301,"[""Francis Bacon""]"
302,"[""the specific achievements mentioned in the text: 1""]"
303,"[""Cowboys Away colors""]"
304,"[""Stanford University""]"
305,"[""James Oliver""]"
306,"[""Bradley Walsh lives in Watford, Hertfordshire, and Leavesden, with his family""]"
307,"[""Mauro Icardi""]"
308,"[""The River Shannon starts in Lough Gara on the Sligo/Roscommon border and flows through County""]"
309,"[""married to: 1""]"
310,"[""Old Low Frankish""]"
311,"[""You should take US dollars to Costa Rica""]"
312,"[""Las Vegas, Nevada""]"
313,"[""William Shatner""]"
314,"[""Los Angeles Angels""]"
315,"[""Government""]"
316,"[""George Jones""]"
317,"[""William Shakespeare became famous for being the greatest writer in the English language and Western literature""]"
318,"[""China""]"
319,"[""Swiss franc""]"
320,"[""Grand Canyon Suite""]"
321,"[""The Holocaust in Norway. It has also been a subject of discussion in the public debate about the Arab–Israeli conflict. An antisemitic event was the editorial cartoon printed in Dagsavisen that depicted a Haredi Jew rewriting the ten commandments to include""]"
322,"[""Australian English""]"
323,"[""The Vampire Diaries""]"
324,"[""the movies directed by Ron Howard: 1""]"
325,"[""Alexander Hamilton played a significant role in the creation and ratification of the United States Constitution""]"
326,"[""Shehzad Nasib""]"
327,"[""Arteriosclerotic cerebrovascular disease and diffuse arteriosclerosis""]"
328,"[""on both Europe and Asia continents""]"
329,"[""Lake Oswego High School""]"
330,"[""National unity government""]"
331,"[""Egyptian""]"
332,"[""Karnak Temple Complex""]"
333,"[""John Breaux""]"
334,"[""the movies Morgan Freeman starred in: 1""]"
335,"[""Mimi""]"
336,"[""Cuban pesos""]"
337,"[""You should take Moroccan Dirhams (MAD)""]"
338,"[""Mary McLeod Bethune""]"
339,"[""called the yen""]"
340,"[""Albanian""]"
341,"[""DJ Pryor""]"
342,"[""the specific countries that share borders with Spain: 1""]"
343,"[""the countries where English is the official language: 1""]"
344,"[""The specific answer is: * International Olympic Committee (IOC) * World Trade Organization (WTO) *""]"
345,"[""Ramsay County, Minnesota""]"
346,"[""University of Iowa""]"
347,"[""Malcolm Crowe""]"
348,"[""Action Française""]"
349,"[""Bigfoot""]"
350,"[""Carlos Boozer played for the Chicago Bulls""]"
351,"[""Malaysia""]"
352,"[""The Portland Press Herald is owned by MaineToday Media, a privately owned publisher of daily and weekly newspapers in the U.S. state of Maine""]"
353,"[""The Deutsches Stadion""]"
354,"[""Sheffield Wednesday""]"
355,"[""Renaissance""]"
356,"[""American Horror Story: Murder House""]"
357,"[""Washington Airport""]"
358,"[""Pedro Álvares Cabral""]"
359,"[""Type of government""]"
360,"[""Birmingham City F.C""]"
361,"[""Tokyo Imperial Palace""]"
362,"[""the answers to the questions with concrete names, places, or things: 1""]"
363,"[""The Troubles""]"
364,"[""Three-peat""]"
365,"[""The Catholic Bible includes the whole 73-book canon recognized by the Catholic Church, including the deuterocanonical books, in the traditional order of the Vulgate""]"
366,"[""some specific things to do in Peoria, Illinois: 1""]"
367,"[""English""]"
368,"[""That's All Right""]"
369,"[""Marion Abramson High School""]"
370,"[""Jeff George""]"
371,"[""English""]"
372,"[""elliniká""]"
373,"[""the specific movies that John Williams has scored: 1""]"
374,"[""Visit the Richardson Independent School District (RISD) campus to see the facilities and learn about the history of the school district""]"
375,"[""a Fauvist artist""]"
376,"[""Sketches by Boz""]"
377,"[""Come, Tell Me How You Live""]"
378,"[""Westlake High School""]"
379,"[""Second Continental Congress""]"
380,"[""February 8, 1982""]"
381,"[""located in Skamania County, Washington, in the Pacific Northwest region of the United States""]"
382,"[""Annie Get Your Gun""]"
383,"[""The Hate U Give""]"
384,"[""Chinese""]"
385,"[""Robert Burns""]"
386,"[""September 14""]"
387,"[""approximately 10 feet (3 meters) below the surface""]"
388,"[""Eric Holcomb""]"
389,"[""the important holidays of Islam mentioned in the text: 1""]"
390,"[""Impressionist""]"
391,"[""The last time the Toronto Maple Leafs""]"
392,"[""The Russian ruble is the currency of Russia, the two partially recognized republics of Abkhazia and""]"
393,"[""Philadelphia Eagles""]"
394,"[""Portuguese and Guarani""]"
395,"[""Hammurabi""]"
396,"[""Pennsylvania""]"
397,"[""Trinity College, Cambridge""]"
398,"[""Red and Blue""]"
399,"[""located in Denver, Colorado""]"
400,"[""My Two Young Men""]"
401,"[""Constantinople""]"
402,"[""Johnny Depp""]"
403,"[""Joey Jordison plays drums in Slipknot""]"
404,"[""Turkish""]"
405,"[""Miami Heat""]"
406,"[""the specific answers: 1""]"
407,"[""Ronald Allan Wotus""]"
408,"[""Kelling Heath Holiday Park""]"
409,"[""William Shakespeare""]"
410,"[""Bethesda, Maryland""]"
411,"[""1""]"
412,"[""Stanford University""]"
413,"[""unwomanly""]"
414,"[""Saint Anthony of Padua""]"
415,"[""Brian Xanders""]"
416,"[""Poetic Justice""]"
417,"[""renminbi""]"
418,"[""Jack McBrayer""]"
419,"[""National Football League""]"
420,"[""Spain""]"
421,"[""Perpignan is located in the center of the Roussillon plain, 13 km west of the Mediterranean coast, in the Pyrénées-Orientales department of Southwest France""]"
422,"[""Kim Richards""]"
423,"[""Bosnian War""]"
424,"[""The last time the Pittsburgh Steelers won the Super Bowl""]"
425,"[""located on Vilakazi Street in Soweto, Johannesburg, South Africa""]"
426,"[""the answers to the questions: 1""]"
427,"[""located on the Giza Plateau in Egypt""]"
428,"[""78960""]"
429,"[""Illinois, Indiana, Iowa, Kansas, Michigan, Minnesota, Missouri, Nebraska, North Dakota, Ohio, South Dakota, and Wisconsin""]"
430,"[""Miami Stadium""]"
431,"[""An electric guitar""]"
432,"[""Australian Aboriginal languages""]"
433,"[""Frank E""]"
434,"[""Michael Rosenbaum""]"
435,"[""Zambia""]"
436,"[""New England Patriots""]"
437,"[""North American Eastern Time Zone""]"
438,"[""Van Nuys Boulevard in Panorama City, California""]"
439,"[""The University of Utah""]"
440,"[""South Dakota Highway 63""]"
441,"[""Cleveland, Ohio""]"
442,"[""John Bonham killed himself by drinking a bottle of whiskey in his dressing room at London's""]"
443,"[""Walmart operates in the retail industry""]"
444,"[""Miller County, Arkansas""]"
445,"[""New Orleans Hornets""]"
446,"[""Slovakia""]"
447,"[""Beethoven lived in the Classical period""]"
448,"[""Little House on the Prairie""]"
449,"[""Italian government system: parliamentary""]"
450,"[""The Seven Minutes""]"
451,"[""Hibiscus brackenridgei A""]"
452,"[""Alice Paul""]"
453,"[""the specific answers to the questions: 1""]"
454,"[""Spanish and various indigenous languages""]"
455,"[""Brian Robson Rankin""]"
456,"[""1990""]"
457,"[""Star Trek: The Motion Picture""]"
458,"[""Jimmy Carter""]"
459,"[""World War I""]"
460,"[""West Babylon""]"
461,"[""Chernobyl Nuclear Power Plant""]"
462,"[""Clay Matthews attended Elkins High School in Missouri City""]"
463,"[""I don't have real-time access to current time information""]"
464,"[""Princess Leia Organa of Alderaan""]"
465,"[""a complex system""]"
466,"[""John F""]"
467,"[""Portuguese""]"
468,"[""Ewan McGregor played Obi-Wan Kenobi in the original Star Wars trilogy""]"
469,"[""Venus Williams""]"
470,"[""Peso""]"
471,"[""Zambia""]"
472,"[""the specific countries mentioned in the text as being helped by the United Nations: 1""]"
473,"[""Portugal national football team""]"
474,"[""there anything else I can help you with?""]"
475,"[""Taylor Lautner""]"
476,"[""John Adams""]"
477,"[""Jeff Ray Clark""]"
478,"[""Ministro Pistarini International Airport""]"
479,"[""New York""]"
480,"[""Georgia Southern University""]"
481,"[""named after the Lenape people""]"
482,"[""Notgeld""]"
483,"[""Darren Criss""]"
484,"[""The neutron""]"
485,"[""Maltese""]"
486,"[""Quarterback""]"
487,"[""State capitalism""]"
488,"[""Mary MacKillop""]"
489,"[""Anne Heathcote""]"
490,"[""Katherine Heigl""]"
491,"[""The ancient Romans spoke Latin""]"
492,"[""Another Suitcase in Another Hall""]"
493,"[""Fort Pierce""]"
494,"[""Bicameral""]"
495,"[""The University of Maryland School of Medicine""]"
496,"[""Galileo saw comets, sunspots, and moons of Jupiter""]"
497,"[""École des Beaux-Arts""]"
498,"[""King George VI's father""]"
499,"[""Portugal national football team""]"
500,"[""the Indian Paintbrush""]"
501,"[""35774""]"
502,"[""LOL""]"
503,"[""Yemen""]"
504,"[""Swiss Standard German""]"
505,"[""Philip Türje""]"
506,"[""The Galapagos Islands""]"
507,"[""English Standard Time""]"
508,"[""Epidermal growth factor receptor (EGFR) African American""]"
509,"[""Turkish lira""]"
510,"[""a federal republic""]"
511,"[""Alexander Graham Bell invented the photophone""]"
512,"[""The Girls Next Door""]"
513,"[""Percy Bysshe Shelley""]"
514,"[""Australian English is a major variety of the language with a distinctive accent and lexicon, and""]"
515,"[""situated in the northern part of Europe, specifically in the Region of Denmark""]"
516,"[""Roosevelt, Seattle""]"
517,"[""Federal parliamentary system""]"
518,"[""French""]"
519,"[""Colón""]"
520,"[""the timezone in Nashville, TN""]"
521,"[""The sun in the Philippine flag represents the Incarnation of the Sun""]"
522,"[""Anakin Skywalker""]"
523,"[""Adolf Hitler died in the Reich Chancellery gardens in Berlin, Germany""]"
524,"[""Russia""]"
525,"[""Bosnia""]"
526,"[""the senators of Virginia who were up for election in 2013: 1""]"
527,"[""George Clinton""]"
528,"[""Poland""]"
529,"[""James Garfield""]"
530,"[""Paula Deen attended Christian Brothers' High School in Lewisham, New South Wales, Australia, and later the University of Sydney for a law degree""]"
531,"[""Robert Paul Irvine""]"
532,"[""Soul""]"
533,"[""David Beckham""]"
534,"[""John Lennon""]"
535,"[""Bernie Brewer""]"
536,"[""Alaska""]"
537,"[""Antonio López de Santa Anna""]"
538,"[""Sons of Anarchy""]"
539,"[""The Cat Dog""]"
540,"[""Michael Jackson attended F""]"
541,"[""University of Southern Mississippi""]"
542,"[""The time for online voter registration in Oregon is typically available in March of each year, and""]"
543,"[""March 17, 2010""]"
544,"[""Stanford University""]"
545,"[""Milwaukee, Wisconsin""]"
546,"[""breast cancer""]"
547,"[""Meredith Baxter""]"
548,"[""the colón (plural: colones)""]"
549,"[""ARP Odyssey""]"
550,"[""English, French, and German""]"
551,"[""On Air with Ryan Seacrest""]"
552,"[""African Americans served""]"
553,"[""Italian""]"
554,"[""Demaryius Thomas""]"
555,"[""Euro""]"
556,"[""Dr""]"
557,"[""typically celebrated on 23 April""]"
558,"[""The Roman Empire had a Senate""]"
559,"[""Russia""]"
560,"[""Drums""]"
561,"[""Sam Witwer""]"
562,"[""Abraham Lincoln""]"
563,"[""playing at Globe Life Park in Arlington""]"
564,"[""The Alaska purchase""]"
565,"[""Arkansas State Capitol""]"
566,"[""The 2019 Women's PSA World Tour Finals""]"
567,"[""the answers to your questions: 1""]"
568,"[""86044""]"
569,"[""Michael Vick started playing for the Philadelphia Eagles in 2007""]"
570,"[""Kentucky Fried Chicken (KFC) gets their chicken from local farms and suppliers in various countries, including the United States, China, and Southeast Asia""]"
571,"[""William Howard Taft""]"
572,"[""Robert Ford""]"
573,"[""Robin Cook died in 2005 in Scottsdale, Arizona""]"
574,"[""Melba Beals (1941-2014) lived in the United States""]"
575,"[""estimated to have had a large army, with some sources suggesting it may have had""]"
576,"[""Robert J""]"
577,"[""part of Central America are: 1""]"
578,"[""University of Virginia""]"
579,"[""Greg Oden""]"
580,"[""Oklahoma City, Oklahoma""]"
581,"[""Arabic""]"
582,"[""Tower Green""]"
583,"[""hydrostatic balances""]"
584,"[""The University of Boston""]"
585,"[""Sarnath""]"
586,"[""Henry VIII ruled England from 1509 until his death in 1547""]"
587,"[""cancer""]"
588,"[""Trophy Club, Texas""]"
589,"[""the wars Robert E""]"
590,"[""Runet""]"
591,"[""Abdullah Senussi""]"
592,"[""Australian dollar""]"
593,"[""1786 and 1787""]"
594,"[""Multiple sclerosis (MS)""]"
595,"[""Flemish""]"
596,"[""The last time the Baltimore Ravens won a Super Bowl""]"
597,"[""The Kansas City Royals""]"
598,"[""John Mayer plays blues rock""]"
599,"[""The Scarlet Letter""]"
600,"[""the inventions listed for Thomas Edison: 1""]"
601,"[""Sarajevo""]"
602,"[""Derek Anderson""]"
603,"[""New England""]"
604,"[""Turkey""]"
605,"[""Jimi Hendrix played psychedelic rock, hard rock, and jamming""]"
606,"[""the specific degrees that Barack Obama received in college: 1""]"
607,"[""Alexander Graham Bell's siblings were: 1""]"
608,"[""Christopher Wallace, also known""]"
609,"[""2006""]"
610,"[""Barbara Eden""]"
611,"[""High heels""]"
612,"[""St""]"
613,"[""New England Patriots""]"
614,"[""University of Southern California""]"
615,"[""The Battle of the Alamo started on February 23, 1836""]"
616,"[""Edward VI, Mary I, and Elizabeth I""]"
617,"[""Kahina""]"
618,"[""To answer this question, I will provide the specific answer entity without repeating the question or using generic words""]"
619,"[""Chesapeake Bay Bridge""]"
620,"[""Victoria Barkley""]"
621,"[""The inaugural address of John F""]"
622,"[""the countries where German is an official language: 1""]"
623,"[""Kandahar""]"
624,"[""Monarchy""]"
625,"[""Nina Dobrev""]"
626,"[""Resident Evil""]"
627,"[""The Missouri River bisects the Missouri River""]"
628,"[""Native American""]"
629,"[""California grizzly bear""]"
630,"[""Nike owns Laika""]"
631,"[""Spanish""]"
632,"[""2007""]"
633,"[""Red jerseys""]"
634,"[""My So-Called Life""]"
635,"[""Bexar County""]"
636,"[""American Horror Story: Coven""]"
637,"[""Eastern Time Zone""]"
638,"["": a totalitarian government""]"
639,"[""the specific languages mentioned in the text: 1""]"
640,"[""1995""]"
641,"[""Saint Paul the Apostle, also known""]"
642,"[""South Hemisphere""]"
643,"[""University of North Dakota""]"
644,"[""Alderaan""]"
645,"[""the specific answers to the questions: 1""]"
646,"[""painting""]"
647,"[""Sarasota County, Florida, United States""]"
648,"[""The following countries don't need a visa to enter the United States for tourism or business""]"
649,"[""Kimberly Williams-Paisley married Brad Paisley""]"
650,"[""Half Nelson""]"
651,"[""Australian Labor Party""]"
652,"[""the Euro (€)""]"
653,"[""Tejano""]"
654,"[""She married Matthew Hauer""]"
655,"[""money""]"
656,"[""49774""]"
657,"[""Laura Chinchilla Miranda""]"
658,"[""Memphis, Tennessee""]"
659,"[""John the Apostle""]"
660,"[""Parliamentary democracy""]"
661,"[""Stanford Cardinal""]"
662,"[""Theo Walcott""]"
663,"[""The Czech Republic uses the Euro""]"
664,"[""William Penn""]"
665,"[""Gecko""]"
666,"[""The Government of New Zealand""]"
667,"[""located between the Caribbean Sea and the Pacific Ocean, connecting North and South America""]"
668,"[""Dublin""]"
669,"[""the specific answer to the question: The Twilight Saga: Breaking Dawn – Part 2""]"
670,"[""Josef Mengele performed human experiments on prisoners at the Auschwitz concentration camp during World War II""]"
671,"[""Egyptian Arabic""]"
672,"[""the senators of Hawaii in 2012: 1""]"
673,"[""Stalinist dictatorship""]"
674,"[""University of Minnesota""]"
675,"[""Chernobyl disaster""]"
676,"[""St""]"
677,"[""The Akkadian Empire included the following territories: * Sumer * Akkad * Babylon * Assyria *""]"
678,"[""I don't know""]"
679,"[""Presidential system""]"
680,"[""The last time the New York Knicks won a playoff game""]"
681,"[""Boca Juniors""]"
682,"[""José Barroso""]"
683,"[""celebrated on May 6""]"
684,"[""Kenya Moore""]"
685,"[""failed state""]"
686,"[""New York City""]"
687,"[""1995""]"
688,"[""currently a reality TV star and entrepreneur""]"
689,"[""Azerbaijani""]"
690,"[""Castilian""]"
691,"[""Scott Joplin played the piano""]"
692,"[""Westminster High School""]"
693,"[""True at First Light""]"
694,"[""Pashto""]"
695,"[""Andrew Holness""]"
696,"[""widely considered one of the most successful composers and performers of all time""]"
697,"[""2016""]"
698,"[""The University of Oregon starts in the fall semester""]"
699,"[""James Kemp of Barskimming, a miller at Barskimming Mill""]"
700,"[""Melbourne""]"
701,"[""Quebec French""]"
702,"[""The New Orleans Saints""]"
703,"[""Hannah Montana""]"
704,"[""Mexican peso""]"
705,"[""Thor Heyerdahl""]"
706,"[""Geology""]"
707,"[""Troy Aikman played football for the Dallas Cowboys""]"
708,"[""Sorrell Booke""]"
709,"[""Arsenal""]"
710,"[""Robert E""]"
711,"[""Fauvism""]"
712,"[""Ed Westwick""]"
713,"[""the specific countries with territories in Oceania: 1""]"
714,"[""located in Hennepin County, Minnesota""]"
715,"[""The political system of South Africa is a hybrid system formed by the interweaving of a number of""]"
716,"[""The Parliament of Australia meets in the Parliament House in Canberra""]"
717,"[""Indo-European""]"
718,"[""Pacific Standard Time (PST)""]"
719,"[""Lucy Lawless""]"
720,"[""Democratic Party""]"
721,"[""The Ghana Empire""]"
722,"[""Acute Promyelocytic Leukemia""]"
723,"[""Mein Kampf""]"
724,"[""Sydney Opera House""]"
725,"[""Los Angeles, California""]"
726,"[""California""]"
727,"[""Modern Greek""]"
728,"[""Milwaukee Bucks""]"
729,"[""Sam Rayburn""]"
730,"[""Leslie David Baker""]"
731,"[""RCA Records""]"
732,"[""Germany""]"
733,"[""Newton used a variety of equipment, including: - Quadrants - Astrolabe - Compass - Spheres - Globes""]"
734,"[""Vietnamese đồng""]"
735,"[""Edith Read""]"
736,"[""the specific answer to the question: A Caja Costarricense de Seguro Social (CCSS) ID card""]"
737,"[""caused by a combination of factors, including: 1""]"
738,"[""Brussels""]"
739,"[""Japan has a Constitutional Monarchy""]"
740,"[""What the west wind saw""]"
741,"[""Wizards of Waverly Place""]"
742,"[""Stanley Tucci""]"
743,"[""Gettysburg National Military Park""]"
744,"[""John F""]"
745,"[""Death Row Records""]"
746,"[""Augustus Caesar""]"
747,"[""Forehand""]"
748,"[""the specific answers to the questions: 1""]"
749,"[""Schenectady, New York 12308""]"
750,"[""Chadli Bendjedid""]"
751,"[""the answers to the questions: 1""]"
752,"[""Alphabet Inc""]"
753,"[""Coca-Cola""]"
754,"[""offensive lineman""]"
755,"[""limited""]"
756,"[""Bonnie Prince Charlie's full name""]"
757,"[""Seth MacFarlane""]"
758,"[""Saint Angelina of Serbia""]"
759,"[""Thomas A""]"
760,"[""Karen Pitt""]"
761,"[""Democratic Party""]"
762,"[""the specific answers: 1""]"
763,"[""James Stephens""]"
764,"[""Sy""]"
765,"[""Berklee College of Music""]"
766,"[""the specific celebrities that Brody Jenner has dated: 1""]"
767,"[""Malaysian ringgit""]"
768,"[""The Woman Warrior""]"
769,"[""Volkswagen Group China""]"
770,"[""Roma Termini""]"
771,"[""heat stroke""]"
772,"[""Gavin Newsom""]"
773,"[""Eva Mendes""]"
774,"[""headquartered in Tokyo, Japan""]"
775,"[""Dominican peso""]"
776,"[""Weekend at Burnsie's""]"
777,"[""Football""]"
778,"[""Googleplex""]"
779,"[""University of Michigan""]"
780,"[""Sacred Fire: Live in Mexico""]"
781,"[""John Carter""]"
782,"[""Propaganda Minister""]"
783,"[""Canada, Mexico, and the United States""]"
784,"[""Brazoria County""]"
785,"[""CenturyLink Field""]"
786,"[""My Life""]"
787,"[""the Pyrenees""]"
788,"[""located in Winchester, Nevada""]"
789,"[""The New World Translation of the Holy Scriptures""]"
790,"[""John Tyler""]"
791,"[""Bolton""]"
792,"[""the specific books written by Louis Sachar mentioned in the context: 1""]"
793,"[""the biggest tax break in history""]"
794,"[""The Legend of Zelda: Ocarina of Time""]"
795,"[""Sam Witwer""]"
796,"[""Christianity""]"
797,"[""Thomas Malthus""]"
798,"[""96095""]"
799,"[""Arkansas, Georgia, Kentucky, Maryland, Mississippi, North Carolina, North Dakota, Oklahoma, Pennsylvania, South Carolina, Tennessee, Virginia, and West Virginia""]"
800,"[""The Pacific Northwest Corridor""]"
801,"[""The Korean War""]"
802,"[""authoritarian""]"
803,"[""Justin Bieber plays a piano""]"
804,"[""James Madison and he""]"
805,"[""He""]"
806,"[""John Lennon died in New York City""]"
807,"[""Ted Baker""]"
808,"[""Herbert Hoover""]"
809,"[""some specific games that will be on NFL Network this year: 1""]"
810,"[""North American Eastern Time Zone""]"
811,"[""Arvanitika""]"
812,"[""Bright House Networks Spectrum Field""]"
813,"[""the specific movies that Matt Dallas plays in: 1""]"
814,"[""John F""]"
815,"[""Anderson, Indiana""]"
816,"[""John Paul II""]"
817,"[""both located in Europe, specifically in the region of Western Europe""]"
818,"[""The Starbucks logo""]"
819,"[""The Ottoman Empire""]"
820,"[""Osama bin Laden's compound in Abbottabad""]"
821,"[""the names of Harry Potter movies in order: 1""]"
822,"[""Pamela Courson died from complications related to her diabetes, specifically from a diabetic coma""]"
823,"[""Dr""]"
824,"[""Bolivia borders Brazil, Paraguay, Argentina, and Chile""]"
825,"[""Blake Smith""]"
826,"[""Chicago Bulls""]"
827,"[""the Swedish krona (SEK)""]"
828,"[""Canada""]"
829,"[""Chief Justice""]"
830,"[""Frida Kahlo""]"
831,"[""Taylor Swift""]"
832,"[""Iglesia Maradoniana""]"
833,"[""2010""]"
834,"[""Standard Chinese, also known""]"
835,"[""Waterloo, Belgium""]"
836,"[""Coffee""]"
837,"[""Nadezhda Krupskaya""]"
838,"[""2012""]"
839,"[""Real Madrid""]"
840,"[""the specific physical features of Egypt mentioned in the provided context: 1""]"
841,"[""The Adventures of Tom Sawyer""]"
842,"[""Monna""]"
843,"[""Government of France for 2010: The President of France for 2010""]"
844,"[""Theodor Schwann studied at the Dreikönigsgymnasium (also known""]"
845,"[""Bruno Mars""]"
846,"[""the Virginia Senators who were up for election in 2013: 1""]"
847,"[""Theodor Seuss Geisel""]"
848,"[""1""]"
849,"[""Denmark, Finland, Iceland, Norway, and Sweden""]"
850,"[""Portugal""]"
851,"[""Vera Ellen Wang died from pancreatic cancer""]"
852,"[""Cairo""]"
853,"[""Ontario""]"
854,"[""Latin America, Asia, Eastern Europe, and the Caribbean""]"
855,"[""New York Jets""]"
856,"[""the official currency of Brazil""]"
857,"[""Andy Warhol""]"
858,"[""the answers to the questions: 1""]"
859,"[""Susan Mayer""]"
860,"[""the specific answers to the questions: 1""]"
861,"[""the specific answer entities: 1""]"
862,"[""Richard Williamson""]"
863,"[""St""]"
864,"[""How I Met Your Mother""]"
865,"[""Ora""]"
866,"[""Camille Grammer's 5K run""]"
867,"[""University of Berlin""]"
868,"[""some notable roles Jennifer Lawrence has played in films: 1""]"
869,"[""Ed Rendell""]"
870,"[""Lebanon""]"
871,"[""Celtic neopaganism Celtic neopaganism refers to any type of modern paganism or contemporary pagan movements based on the ancient Celtic religion""]"
872,"[""George Washington lived in Westmoreland County, Virginia, at the age of three""]"
873,"[""Abbottabad""]"
874,"[""Lake Ontario""]"
875,"[""Bosnian""]"
876,"[""Manuel Rosales attended the Central University of Venezuela""]"
877,"[""American beef""]"
878,"[""Rahul Gandhi""]"
879,"[""Ali Sina""]"
880,"[""Lexington, Kentucky""]"
881,"[""Charles Darwin died in 1882 at the age of 73 in Down House, Kent, England""]"
882,"[""Nick Cannon plays the following movies: 1""]"
883,"[""The 1906 San Francisco earthquake occurred on April 18, 1906""]"
884,"[""Queen Elizabeth II""]"
885,"[""Srinagar, Kashmir""]"
886,"[""Sir James Dyson""]"
887,"[""David Prowse""]"
888,"[""The Maya Angelou Academy at New Beginnings""]"
889,"[""1""]"
890,"[""Italy""]"
891,"[""Al-Sabah dynasty""]"
892,"[""Bo Yibo""]"
893,"[""Miles Davis died of lung cancer""]"
894,"[""Azle, Texas, has a ZIP code of 76010""]"
895,"[""2012""]"
896,"[""2004""]"
897,"[""1974""]"
898,"[""Cole Beasley""]"
899,"[""Albemarle County""]"
900,"[""located in the state of Washington, USA, specifically in the Olympic Peninsula""]"
901,"[""Southampton County, Virginia""]"
902,"[""Mark Hamill""]"
903,"[""Abdel Fattah el-Sisi""]"
904,"[""Turkey""]"
905,"[""North Carolina""]"
906,"[""1993""]"
907,"[""Ifeadi Odenigbo""]"
908,"[""0.55""]"
909,"[""Octavian Nothing""]"
910,"[""The Cuban War of Independence""]"
911,"[""August 2, 1922""]"
912,"[""1975""]"
913,"[""Turkish lira""]"
914,"[""Government""]"
915,"[""the specific countries in the UK mentioned in the text: 1""]"
916,"[""Super Bowl XXXV""]"
917,"[""Russian""]"
918,"[""Alias""]"
919,"[""Norodom Sihamoni""]"
920,"[""Oracene Price""]"
921,"[""the specific schools attended by Sir Isaac Newton: 1""]"
922,"[""Huell Howser died from complications related to heart failure""]"
923,"[""The Hunger Games""]"
924,"[""the specific countries that England borders: 1""]"
925,"[""Barcelona""]"
926,"[""North American Eastern Time Zone""]"
927,"[""FMA""]"
928,"[""Tom Felton""]"
929,"[""the specific colleges attended by Harper Lee: 1""]"
930,"[""Virgil Effinger""]"
931,"[""University of Georgia""]"
932,"[""president: 1""]"
933,"[""1988""]"
934,"[""The Democratic Party""]"
935,"[""Kirtland, Ohio, and Illinois Territory""]"
936,"[""Abbottabad""]"
937,"[""the specific answers: 1""]"
938,"[""Arab""]"
939,"[""Her Majesty Queen Elizabeth II's mother""]"
940,"[""Cubist""]"
941,"[""Menudo""]"
942,"[""Ella Fitzgerald's parents""]"
943,"[""Anne Hathaway's parents are: 1""]"
944,"[""Megan Calvet""]"
945,"[""Van Halen""]"
946,"[""Parliamentary system""]"
947,"[""The split of the Republican Party in 1912""]"
948,"[""Toronto""]"
949,"[""the specific Supreme Court of Canada cases mentioned in the text: 1""]"
950,"[""University Park""]"
951,"[""The six-month rainy season in Bangkok, Thailand typically occurs between May and November, with the most intense rainfall usually happening in June and July""]"
952,"[""a modern phenomenon""]"
953,"[""Iceland""]"
954,"[""Kansas City, Missouri""]"
955,"[""The Piper at the Gates of Dawn""]"
956,"[""Granville T""]"
957,"[""Jeffersonian democracy""]"
958,"[""Lakota""]"
959,"[""Pipo""]"
960,"[""New York Yankees""]"
961,"[""Rainn Wilson""]"
962,"[""Marc Blucas""]"
963,"[""San Diego County, California""]"
964,"[""Matt Moore""]"
965,"[""Iporu""]"
966,"[""Jeker school""]"
967,"[""married to Ross Geller""]"
968,"[""Adolf Hitler used a cyanide pill to kill himself on 30 April 1945, while under house arrest in the""]"
969,"[""German""]"
970,"[""The Denver Broncos last won the Super Bowl in 2016, specifically Super Bowl 50, on February 7, 2016""]"
971,"[""Julius Caesar""]"
972,"[""blues""]"
973,"[""Brooklyn Dodgers""]"
974,"[""Eastern Time Zone""]"
975,"[""United States and Haiti""]"
976,"[""George H""]"
977,"[""Guaranteed Rate Field""]"
978,"[""Kenickie""]"
979,"[""The Autobiography of Benjamin Franklin""]"
980,"[""BBD""]"
981,"[""The Stanley Cup""]"
982,"[""a observation tower and landmark in the Pacific Northwest, specifically in Seattle, Washington, United States""]"
983,"[""13203""]"
984,"[""Gonzaga Bulldogs""]"
985,"[""New York Stewart International Airport""]"
986,"[""Prince Albert of Saxe-Coburg and Gotha""]"
987,"[""Philadelphia""]"
988,"[""First Lady of the United States""]"
989,"[""Jacob Latimore""]"
990,"[""During World War II, Dunkirk""]"
991,"[""Scottie Pippen""]"
992,"[""Donna Pinciotti""]"
993,"[""Serena Williams achieved numerous records and accolades throughout her career, including: * 23""]"
994,"[""Lacey Chabert""]"
995,"[""The last time the Dallas Cowboys won the Super Bowl""]"
996,"[""Napoleon Bonaparte""]"
997,"[""The Ireland national rugby union team plays rugby union at Aviva Stadium in Dublin, Ireland""]"
998,"[""Jack Ruby""]"
999,"[""The New York Knicks last won the championship in 1973""]"
1000,"[""1974""]"
1001,"[""the specific countries included in Oceania: 1""]"
1002,"[""Ireland""]"
1003,"[""Richard Harris played Harry Potter Dumbledore""]"
1004,"[""Ahmed Ouyahia""]"
1005,"[""the movies that Christopher Plummer played in, as mentioned in the provided context: 1""]"
1006,"[""Rabat""]"
1007,"[""the movies Omar Epps is in: 1""]"
1008,"[""San Francisco""]"
1009,"[""an unincorporated community in the northwestern Lower Peninsula of Michigan""]"
1010,"[""Yale University""]"
1011,"[""an all-American hero""]"
1012,"[""The Tibetan people speak Tibetic languages""]"
1013,"[""You can attend the 2023 Tribeca Film Festival in Hollywood, CA""]"
1014,"[""Hannibal Hamlin""]"
1015,"[""Kim Kardashian""]"
1016,"[""Los Angeles, California""]"
1017,"[""best known for being the chief creative officer of his brand, Michael Kors""]"
1018,"[""Tim Allen""]"
1019,"[""French Montana""]"
1020,"[""the specific accomplishments of Napoleon Bonaparte: 1""]"
1021,"[""Red Mountain High School""]"
1022,"[""The 2012 Benghazi attack""]"
1023,"[""What country is Nike based in?""]"
1024,"[""77%""]"
1025,"[""Gifts in kind""]"
1026,"[""The Tampa Bay Bandits""]"
1027,"[""Guyana""]"
1028,"[""The Chicago Blackhawks play their home games at the United Center in Chicago, Illinois""]"
1029,"[""Christian Bale""]"
1030,"[""Spanish""]"
1031,"[""classified""]"
1032,"[""Lookin' to Get Out""]"
1033,"[""Chris Pine""]"
1034,"[""Gillian Anderson""]"
1035,"[""Henry Middleton""]"
1036,"[""F""]"
1037,"[""Jamaican culture consists of the religion, norms, values, and lifestyle""]"
1038,"[""Scott Layden""]"
1039,"[""Wesley Snipes""]"
1040,"[""Sherrod Brown lives in Ohio""]"
1041,"[""Spanish""]"
1042,"[""The United Kingdom uses the Pound Sterling (GBP)""]"
1043,"[""Mila Kunis""]"
1044,"[""semi-presidential representative democratic republic""]"
1045,"[""Real Madrid""]"
1046,"[""Morgantown, WV 26505""]"
1047,"[""North American Eastern Time Zone (NATE)""]"
1048,"[""Ben Stiller""]"
1049,"[""the answers to the questions with concrete names, places, or things: 1""]"
1050,"[""played by actress Michelle Monaghan in the Spider-Man movies""]"
1051,"[""Family Guy""]"
1052,"[""1906""]"
1053,"[""Liev Schreiber""]"
1054,"[""Jesse Owens""]"
1055,"[""Four Christmases""]"
1056,"[""the specific answers to the questions: 1""]"
1057,"[""Greg Oden""]"
1058,"[""Bergen-Belsen""]"
1059,"[""Gordon Brown resigned""]"
1060,"[""Tetum""]"
1061,"[""Euro""]"
1062,"[""Ancient Greece""]"
1063,"[""Italian lira""]"
1064,"[""Ireland""]"
1065,"[""North Port, Florida""]"
1066,"[""Darth Vader's voice""]"
1067,"[""October 1""]"
1068,"[""Douglas MacArthur High School""]"
1069,"[""the famous people mentioned from Barbados: 1""]"
1070,"[""The renminbi""]"
1071,"[""the names of Michael Jackson's 3 children: 1""]"
1072,"[""Euro""]"
1073,"[""Doug Ducey""]"
1074,"[""The most recent earthquake in Haiti occurred on January 12, 2023""]"
1075,"[""currently playing for the Los Angeles Clippers""]"
1076,"[""The Great Pyramid of Giza, the Pyramid of Khafre, and the Pyramid of Menkaure""]"
1077,"[""Giambattista de Rolandis""]"
1078,"[""Russian""]"
1079,"[""Cambridge English: Young Learners""]"
1080,"[""Egypt""]"
1081,"[""Abraham and his descendants lived in Ur of the Chaldees, specifically in the area of modern-day Ur, Iraq""]"
1082,"[""Carver: A Life in Poems""]"
1083,"[""the sports mentioned in the text with their specific answer entities: 1""]"
1084,"[""Hawaii""]"
1085,"[""the specific sports mentioned in the text: 1""]"
1086,"[""Nathan Sykes""]"
1087,"[""University of Tennessee at Chattanooga""]"
1088,"[""the specific films that Scarlett Johansson has been in: 1""]"
1089,"[""Lacey Chabert""]"
1090,"[""Amy Vera Ackman, also known""]"
1091,"[""Ridley Park, Pennsylvania""]"
1092,"[""Secularism""]"
1093,"[""Viggo Mortensen played Gimli in The Lord of the Rings: The Fellowship of the Ring""]"
1094,"[""The Hudson River Valley, New York""]"
1095,"[""Isaac Newton""]"
1096,"[""Anne Hathaway""]"
1097,"[""the movies Queen Latifah is in: 1""]"
1098,"[""University of Hawaii at Manoa""]"
1099,"[""Symphonic poems""]"
1100,"[""Brazil""]"
1101,"[""The Papers of Thomas Jefferson""]"
1102,"[""Martin Luther King III""]"
1103,"[""the capital city of the Canadian province of British Columbia""]"
1104,"[""lady abbess of nun poets""]"
1105,"[""the French franc (also known""]"
1106,"[""Scottish people are native to Scotland, an island country in the North Atlantic Ocean, and they have a distinct cultural and linguistic heritage""]"
1107,"[""The New York Giants""]"
1108,"[""Love Don't Cost a Thing""]"
1109,"[""WNYC""]"
1110,"[""Tom Landry played for the Dallas Cowboys""]"
1111,"[""John Jay""]"
1112,"[""located in Honshū, Japan, specifically in the Nagano and Shizuoka prefectures""]"
1113,"[""The brightest star in the night sky""]"
1114,"[""Port-au-Prince""]"
1115,"[""made up of four constituent countries: 1""]"
1116,"[""18828""]"
1117,"[""Madrid""]"
1118,"[""Namibia""]"
1119,"[""Mark McGwire retired in 2001""]"
1120,"[""a for-profit university in the United States""]"
1121,"[""French franc""]"
1122,"[""Bluegrass State""]"
1123,"[""Government in exile""]"
1124,"[""Elvis Presley died from a heart attack""]"
1125,"[""Elizabeth Montgomery""]"
1126,"[""Isaac Newton studied English, mathematics, physics, astronomy, theology, and authoring""]"
1127,"[""San Diego County""]"
1128,"[""Canada""]"
1129,"[""Glen Coe""]"
1130,"[""New Zealand Daylight Time (NZDT) ended on 30 September 2012""]"
1131,"[""Nicholas Barnsworth""]"
1132,"[""In 2005, Kelly Slater""]"
1133,"[""stroke""]"
1134,"[""What Smith""]"
1135,"[""heroin""]"
1136,"[""Richard Nixon""]"
1137,"[""Ariosophy""]"
1138,"[""approximately long, in the U""]"
1139,"[""Panama""]"
1140,"[""The Goddess""]"
1141,"[""Milwaukee""]"
1142,"[""owned by Mazda Motor Corporation""]"
1143,"[""Ronaldinho currently""]"
1144,"[""Galileo Galilei""]"
1145,"[""The major trading partners of Germany are: 1""]"
1146,"[""Brigham Young University""]"
1147,"[""Victor""]"
1148,"[""38680""]"
1149,"[""Abington Senior High School""]"
1150,"[""Fearless""]"
1151,"[""Pedro Adolfo de Castro""]"
1152,"[""Down House""]"
1153,"[""Eartha Kitt""]"
1154,"[""Marshall Bruce Mathers III""]"
1155,"[""William Chapman""]"
1156,"[""Belize, Costa Rica, El Salvador, Guatemala, Honduras, Nicaragua, and Panama""]"
1157,"[""Jamie Lynn Spears""]"
1158,"[""The Incas lived in the region now known""]"
1159,"[""The 9th Battalion""]"
1160,"[""the specific answer entities: 1""]"
1161,"[""Katherine Esther Scruse""]"
1162,"[""Clemson Tigers""]"
1163,"[""carried on chromosomes 4""]"
1164,"[""Valdivian temperate rain forest""]"
1165,"[""Impressionist""]"
1166,"[""Poland""]"
1167,"[""The Iraq War began on March 20, 2003""]"
1168,"[""William Jennings Bryan""]"
1169,"[""Fender Jaguar""]"
1170,"[""Rogue""]"
1171,"[""Earl Ray Tomblin""]"
1172,"[""Chad Vader""]"
1173,"[""Dorothea Lange used small but highly influential photography equipment, specifically: 1""]"
1174,"[""Walton County, Georgia""]"
1175,"[""cervical cancer""]"
1176,"[""Lauren Conrad major in fashion design""]"
1177,"[""Eastern Time Zone""]"
1178,"[""Sunnyside High School in Tucson, Arizona""]"
1179,"[""Tupac Shakur""]"
1180,"[""George Lucas played the role of a dialogue director and script adaptor for English-language versions of foreign films and television shows""]"
1181,"[""That Summer""]"
1182,"[""not specified""]"
1183,"[""The Periodic Law""]"
1184,"[""Westwood Village Memorial Park Cemetery""]"
1185,"[""1""]"
1186,"[""John Steinbeck inspired many things, including: * His writing style * His use of realistic and""]"
1187,"[""leading force of society and of the state""]"
1188,"[""distributed globally, with significant populations in various countries""]"
1189,"[""Father of his Country""]"
1190,"[""Rome""]"
1191,"[""Dan Humphrey""]"
1192,"[""English""]"
1193,"[""The Alexandra School in Speightstown, Saint Peter BULLET::::- The Alexandra School in Speightstown""]"
1194,"[""The New York Knicks""]"
1195,"[""Real Madrid""]"
1196,"[""North American Eastern Time Zone""]"
1197,"["": Africa""]"
1198,"[""Brazilian Portuguese""]"
1199,"[""Monody on the Death of Chatterton""]"
1200,"[""Kim Kardashian works""]"
1201,"[""The Mississippi River ended at the confluence with the Ohio River in Cairo, Illinois""]"
1202,"[""Timothy Omundson""]"
1203,"[""John Deere""]"
1204,"[""Reuven Rivlin""]"
1205,"[""The Anasazi people lived in various locations, including the Virgin River and Muddy Rivers, the""]"
1206,"[""Margot Robbie""]"
1207,"[""Baconian method""]"
1208,"[""62%""]"
1209,"[""Muammar Gaddafi""]"
1210,"[""NCIS""]"
1211,"[""O Canada""]"
1212,"[""Kumbalam, Eranakulam""]"
1213,"[""Mark Zuckerberg studied classics at Princeton University""]"
1214,"[""United States""]"
1215,"[""the specific countries that require travel visas for US citizens: 1""]"
1216,"[""Stephen M""]"
1217,"[""Soviet Union""]"
1218,"[""Monta Ellis's career high points""]"
1219,"[""The symbols on the Nevada flag represent unity, pride, and allegiance to the state""]"
1220,"[""Barbadian""]"
1221,"[""Charmed""]"
1222,"[""University of Florida""]"
1223,"[""The last time the Boston Red Sox won 100 games""]"
1224,"[""Liam Mower""]"
1225,"[""New York Giants""]"
1226,"[""Rob Kardashian""]"
1227,"[""Bicameral""]"
1228,"[""The Philadelphia Eagles""]"
1229,"[""The Greek alphabet originated from the Phoenician alphabet""]"
1230,"[""North American Eastern Time Zone""]"
1231,"[""the largest city in the South Island and the seat of the Canterbury Region""]"
1232,"[""Chris Paul""]"
1233,"[""2001""]"
1234,"[""blue and orange""]"
1235,"[""Andrew Carnegie dominated the steel industry""]"
1236,"[""the specific inventions mentioned: 1""]"
1237,"[""Paris""]"
1238,"[""The Shaq-Kobe feud""]"
1239,"[""Paul Murry""]"
1240,"[""17217""]"
1241,"[""Atlanta Falcons""]"
1242,"[""The Columbia River originates in the Rocky Mountains of British Columbia, Canada""]"
1243,"[""the names of the Harry Potter books written by J""]"
1244,"[""Scott Avett primarily plays the banjo""]"
1245,"[""Sir Walter Raleigh""]"
1246,"[""the specific countries mentioned in the text that are part of the Eurozone: 1""]"
1247,"[""the Barbadian dollar""]"
1248,"[""Angelina Jolie""]"
1249,"[""Nineveh city is located in northern Iraq, specifically on the eastern bank of the Tigris River, and is now a part of the Nineveh Governorate""]"
1250,"[""Purple sage""]"
1251,"[""All Foundation""]"
1252,"[""the specific answer entities: 1""]"
1253,"[""Natalie Portman""]"
1254,"[""You can go to Cancun, Mexico""]"
1255,"[""Augusta National Golf Club, in Augusta, Georgia, United States""]"
1256,"[""Eva Perón died from complications related to her breast cancer""]"
1257,"[""The Dallas Cowboys""]"
1258,"[""Denmark, South Carolina""]"
1259,"[""21 December 2012""]"
1260,"[""The Sun Also Rises""]"
1261,"[""2000""]"
1262,"[""Passchendaele or Paschendale""]"
1263,"[""The Ohio Country""]"
1264,"[""Juventus""]"
1265,"[""Eastern Time Zone""]"
1266,"[""John Tyler""]"
1267,"[""Romo Lampkin""]"
1268,"[""Jamaican dollar""]"
1269,"[""verify""]"
1270,"[""Boston""]"
1271,"[""Bling Ring""]"
1272,"[""The 2015 Carolina Panthers season""]"
1273,"[""The Burmese cyclone, also known""]"
1274,"[""Karl Anderson Jr""]"
1275,"[""Greg Abbott""]"
1276,"[""an English actress and model""]"
1277,"[""the answers to the questions: 1""]"
1278,"[""The Tennessee River""]"
1279,"[""Shut up, will you?""]"
1280,"[""Corey Taylor plays rhythm guitar for the band Slipknot""]"
1281,"[""Harry S""]"
1282,"[""Philadelphia, Pennsylvania""]"
1283,"[""Federalism""]"
1284,"[""the specific countries in Africa mentioned as being slave markets or sources of slaves: 1""]"
1285,"[""You could visit the Eiffel Tower""]"
1286,"[""Red Bluff""]"
1287,"[""University of Pennsylvania School of Medicine""]"
1288,"[""WITH GOD, ALL THINGS ARE POSSIBLE""]"
1289,"[""Malta""]"
1290,"[""Mozart's nationality""]"
1291,"[""the specific Rolling Stones albums that Mick Taylor played on: 1""]"
1292,"[""Eight""]"
1293,"[""Barcelona–El Prat Josep Tarradellas Airport""]"
1294,"[""The Angles, one of the Germanic tribes""]"
1295,"[""Germany""]"
1296,"[""The Vampire Diaries""]"
1297,"[""Scottie Pippen""]"
1298,"[""part of the continent of North America""]"
1299,"[""an American comedian and actor""]"
1300,"[""Kobe earthquake""]"
1301,"[""London""]"
1302,"[""some fun things to do in Sacramento, CA: 1""]"
1303,"[""located in Western Asia, specifically in the Middle East""]"
1304,"[""the specific movies that Josh Hutcherson is in: 1""]"
1305,"[""Adolf Hitler""]"
1306,"[""Lonelyhearts""]"
1307,"[""Islamic Republic""]"
1308,"[""Margaret Long Wisdom High School""]"
1309,"[""The University of Oxford""]"
1310,"[""Wassily Kandinsky created abstract art, specifically paintings and drawings using geometric shapes, lines, and colors to convey emotions and ideas""]"
1311,"[""Al-Zawraa SC won the league cup in 2002""]"
1312,"[""Antoni Gaudí""]"
1313,"[""Denmark""]"
1314,"[""The siblings of Demeter mentioned in the provided context are: 1""]"
1315,"[""The Eiffel Tower""]"
1316,"[""Nikita Khrushchev""]"
1317,"[""Deborah Read Franklin""]"
1318,"[""Madrid""]"
1319,"[""Ancient Egyptian government""]"
1320,"[""Ivan Rodríguez""]"
1321,"[""Milwaukee County Stadium""]"
1322,"[""Gallipoli""]"
1323,"[""some additional movies that Tom Hardy has played in: 1""]"
1324,"[""the specific answers to the questions: 1""]"
1325,"[""St John's College, Nottingham""]"
1326,"[""Maltese""]"
1327,"[""Thomas Edison made numerous inventions""]"
1328,"[""Sarasota County, Florida, United States""]"
1329,"[""Billy Hayes""]"
1330,"[""Frodo Baggins""]"
1331,"[""California""]"
1332,"[""Kyrsten Sinema""]"
1333,"[""The Vietnam War ended on April 30, 1975""]"
1334,"[""The Tennessee River flows into the Gulf of Mexico""]"
1335,"[""Jim Lovell""]"
1336,"[""the answers to the specific questions: 1""]"
1337,"[""Utah State Capitol""]"
1338,"[""Franklin machine""]"
1339,"[""Miami Gardens""]"
1340,"[""The San Antonio Spurs""]"
1341,"[""Canadian""]"
1342,"[""the U""]"
1343,"[""French""]"
1344,"[""Martin Luther King Jr""]"
1345,"[""The two states""]"
1346,"[""In 1894""]"
1347,"[""a Hazara woman""]"
1348,"[""Orville Wright""]"
1349,"[""New Orleans Saints""]"
1350,"[""Emory & Henry College""]"
1351,"[""gold medals in the 100 meters, 200 meters, long jump, and 4 × 100 meter relay at the 1936 Summer Olympics in Berlin, Germany""]"
1352,"[""Peruvian real""]"
1353,"[""Aditya Agarwal Sheryl Sandberg James Oakley Candy Crush Saga Facebook like button Lexulous Naomi Gleit Joe Green Stephen Sizer""]"
1354,"[""England, Scotland, Wales, and Northern Ireland""]"
1355,"[""Michael Sidney Luft""]"
1356,"[""John F""]"
1357,"[""Barbiturate""]"
1358,"[""located in Fukushima Prefecture, Japan""]"
1359,"[""Pacific Time Zone""]"
1360,"[""Nicolas Cage named his son Weston Cage""]"
1361,"[""Berkshire Hathaway has invested in various companies, including: 1""]"
1362,"[""Mexican peso""]"
1363,"[""Jeb""]"
1364,"[""Nick Lachey""]"
1365,"[""Scottish Gaelic""]"
1366,"[""John Dalton studied under French physiologist Claude Bernard in France""]"
1367,"[""Toes""]"
1368,"[""Glastonbury, Somerset, England""]"
1369,"[""Samuel Gompers""]"
1370,"[""Lincoln Park""]"
1371,"[""Westport, now part of Malmesbury in Wiltshire, England""]"
1372,"[""saved""]"
1373,"[""John Hancock""]"
1374,"[""In the United States, John F""]"
1375,"[""Libyan National Army""]"
1376,"[""Rhode Island""]"
1377,"[""Quebec""]"
1378,"[""The George Washington Bridge""]"
1379,"[""Brittany Snow plays the role of Donna Keppel in the 2008 film Prom Night""]"
1380,"[""Franz Liszt""]"
1381,"[""Nikola Tesla""]"
1382,"[""07930""]"
1383,"[""the specific answers to the questions: 1""]"
1384,"[""Icelandic""]"
1385,"[""Judaism""]"
1386,"[""John Fox""]"
1387,"[""1""]"
1388,"[""in the Eastern Time Zone (UTC-5)""]"
1389,"[""The United States""]"
1390,"[""1""]"
1391,"[""Sean Reyes won the Utah Attorney General seat in 2014""]"
1392,"[""Muammar Gaddafi""]"
1393,"[""Indonesian""]"
1394,"[""most known for being the 29th President of the United States""]"
1395,"[""Sean McDermott""]"
1396,"[""the countries that South Africa shares borders with: 1""]"
1397,"[""David Prowse""]"
1398,"[""Herbert Hoover""]"
1399,"[""the movies that Joan Crawford played in: 1""]"
1400,"[""the specific products that the United States exports, as mentioned in the text: 1""]"
1401,"[""That's one small step for man, one giant leap for mankind.""]"
1402,"[""James K""]"
1403,"[""The Northern Cardinal""]"
1404,"[""Kim Campbell""]"
1405,"[""United States""]"
1406,"[""the specific answers to the questions: 1""]"
1407,"[""Big Sky Country""]"
1408,"[""John Farrell""]"
1409,"[""Teresa Fedor""]"
1410,"[""the major languages spoken in the United Kingdom: 1""]"
1411,"[""Nicholas Nickleby""]"
1412,"[""The United States Supreme Court (SCOTUS) takes about 1-2% of all cases""]"
1413,"[""Christopher Columbus's first expedition began in 1492""]"
1414,"[""When in Rome""]"
1415,"[""Pope John Paul II died on April 2, 2005, after a long battle with heart disease""]"
1416,"[""Ulysses S""]"
1417,"[""President of the United States; 14th President of the United States; Founder of the Democratic""]"
1418,"[""The last time the Boston Bruins went to the Stanley Cup""]"
1419,"[""Derek Shepherd""]"
1420,"[""Poliziano, a classical scholar and poet""]"
1421,"[""Monsanto owns Bayer, a German multinational agrochemical and agricultural biotechnology company""]"
1422,"[""Cheers""]"
1423,"[""Swedish""]"
1424,"[""Twi""]"
1425,"[""Philippine government""]"
1426,"[""the colleges that Mitt Romney attended: 1""]"
1427,"[""Ibrihaim Afellay""]"
1428,"[""John Quincy Adams""]"
1429,"[""provided by Will Friedle""]"
1430,"[""New Zealand dollar""]"
1431,"[""not explicitly stated, but I can infer the answer based on the information provided""]"
1432,"[""Pakistan gained its independence from the United Kingdom on August 14, 1947""]"
1433,"[""the specific places mentioned in the context: 1""]"
1434,"[""some specific activities to do with kids in Asheville, NC: 1""]"
1435,"[""Here are the specific answers: - American League: - Baltimore Orioles - Boston Red Sox - Chicago""]"
1436,"[""the St""]"
1437,"[""Silke Nowitzki""]"
1438,"[""Elizabeth I""]"
1439,"[""The ancient Mayans predicted the end of the world, specifically the arrival of the next solar maximum and the collision with the mythical planet Nibiru""]"
1440,"[""Andalusian Spanish""]"
1441,"[""Slash""]"
1442,"[""Sarasota County""]"
1443,"[""Croatian kuna""]"
1444,"[""The Philadelphia Phillies""]"
1445,"[""Anglo-Catholicism""]"
1446,"[""NCIS""]"
1447,"[""2009""]"
1448,"[""Ewan McGregor""]"
1449,"[""Michelle Pfeiffer currently resides in Los Angeles, California""]"
1450,"[""Little House on the Prairie""]"
1451,"[""Slaviša Žungul""]"
1452,"[""verify""]"
1453,"[""The Last of Us""]"
1454,"[""Jessica Simpson""]"
1455,"[""Michigan""]"
1456,"[""Petrópolis""]"
1457,"[""Josephine Butler College""]"
1458,"[""Mexican featherwork""]"
1459,"[""The correct answer is: Daimler AG""]"
1460,"[""The Innocents Abroad""]"
1461,"[""passed down from parents to offspring""]"
1462,"[""Ray Allen, the former professional basketball player""]"
1463,"[""Joe Biden""]"
1464,"[""English""]"
1465,"[""the specific answers to your questions: 1""]"
1466,"[""monarchy""]"
1467,"[""Saints Row""]"
1468,"[""Deborah Read Franklin""]"
1469,"[""Sri Jayawardenepura Kotte""]"
1470,"[""located in Northern Mesopotamia""]"
1471,"[""a unitary semi-presidential representative democratic republic""]"
1472,"[""William Penn""]"
1473,"[""Mitt Romney became the 70th Governor of Massachusetts on January 2, 2003""]"
1474,"[""Cypriot pound""]"
1475,"[""Charles Leale""]"
1476,"[""Guitar""]"
1477,"[""Clarion Hotel Singapore""]"
1478,"[""Smoke Break""]"
1479,"[""The 9 justices of the Supreme Court of India (2011) are: 1""]"
1480,"[""Dustin Johnson""]"
1481,"[""Sonny Bono""]"
1482,"[""Portland""]"
1483,"[""Alexa Vega""]"
1484,"[""a federal parliamentary republic""]"
1485,"[""William Shakespeare""]"
1486,"[""Turkish lira""]"
1487,"[""Harvard University""]"
1488,"[""New Zealand""]"
1489,"[""Cubist""]"
1490,"[""Star Wars""]"
1491,"[""Spanish""]"
1492,"[""Boston Red Sox""]"
1493,"[""Isaac Newton explained the laws of motion and universal gravitation""]"
1494,"[""Friern Barnet Grammar School""]"
1495,"[""Danielle Jonas""]"
1496,"[""AirTran Airways flies to destinations in the Eastern United States and Canada""]"
1497,"[""Lutetia""]"
1498,"[""the specific answers to the questions: 1""]"
1499,"[""Tha Block Is Hot""]"
1500,"[""Ryan Reynolds""]"
1501,"[""located on the Olympic Peninsula of western Washington in the United States""]"
1502,"[""based in New York City, United States""]"
1503,"[""Yale, Connecticut""]"
1504,"[""New Rochelle, New York""]"
1505,"[""Rachuonyo District, British Kenya""]"
1506,"[""Carnaval""]"
1507,"[""Gillette Stadium""]"
1508,"[""Kate Chopin Kate Chopin House Kate (given name) Kate Chopin House (Cloutierville, Louisiana) Kate Chopin House (St""]"
1509,"[""Bill Clinton attended Georgetown University, University College, Oxford, and Yale Law School""]"
1510,"[""Dr""]"
1511,"[""Staffordshire Terrier""]"
1512,"[""some specific activities to do with kids in summer in Dubai: 1""]"
1513,"[""The Battle of New Orleans""]"
1514,"[""Downtown Sacramento is a major commercial, cultural, and historical heart of the city, and it""]"
1515,"[""London""]"
1516,"[""Michael Andrew Fox (father) and Loretta B""]"
1517,"[""St""]"
1518,"[""The Indiana Pacers""]"
1519,"[""The countries involved in the North American Free Trade Agreement (NAFTA) are: 1""]"
1520,"[""located in the Caribbean Sea""]"
1521,"[""Brazilian Portuguese""]"
1522,"[""Sweating sickness""]"
1523,"[""Kroy Biermann""]"
1524,"[""The 2018 Pittsburgh Steelers season""]"
1525,"[""Periyar E""]"
1526,"[""United States""]"
1527,"[""Four national languages of Switzerland""]"
1528,"[""Democratic Party""]"
1529,"[""the movies Logan Lerman plays in: 1""]"
1530,"[""Constantine died in the city of Constantinople (modern-day Istanbul, Turkey)""]"
1531,"[""C""]"
1532,"[""a landlocked sovereign country located in West Africa""]"
1533,"[""Es Canar""]"
1534,"[""Saracor""]"
1535,"[""the specific answers to the questions: 1""]"
1536,"[""Redmond""]"
1537,"[""The University of Michigan and the University of Chicago""]"
1538,"[""Niels Bohr discovered the connection between collective motion and particle motion in atomic nuclei""]"
1539,"[""the specific books written by Louis Sachar: 1""]"
1540,"[""married to Blake Lively""]"
1541,"[""Callista Gingrich""]"
1542,"[""Baroque music""]"
1543,"[""James Franco attended the University of California, Santa Barbara""]"
1544,"[""Mark Twain""]"
1545,"[""Benjamin Harrison""]"
1546,"[""Maggie Gyllenhaal""]"
1547,"[""Grosse Pointe South High School""]"
1548,"[""41: A Portrait of My Father""]"
1549,"[""Antoine Lavoisier died in 1794 at the age of 39 in Paris, France""]"
1550,"[""Season 7""]"
1551,"[""Queen Elizabeth Stakes""]"
1552,"[""2014""]"
1553,"[""Pat Nixon""]"
1554,"[""Sami Yusuf currently lives in Turkey, specifically in the city of North Port""]"
1555,"[""Portuguese""]"
1556,"[""Federal Parliament of Nepal""]"
1557,"[""The last time the New York Mets won the World Series""]"
1558,"[""Sunshine Stadium""]"
1559,"[""Natalie Portman""]"
1560,"[""the specific answers to the questions: 1""]"
1561,"[""The founders of New York University (NYU) are: 1""]"
1562,"[""Marc Brown created Arthur""]"
1563,"[""the specific countries that constitute the European Union: 1""]"
1564,"[""the countries in North Africa: 1""]"
1565,"[""Bobby Darin died of complications from kidney disease""]"
1566,"[""BBVA Stadium""]"
1567,"[""Fender Stratocaster""]"
1568,"[""retinoblastoma""]"
1569,"[""University of Hawaii""]"
1570,"[""Jamaican dollar""]"
1571,"[""State Farm Stadium""]"
1572,"[""Newton's law of universal gravitation""]"
1573,"[""You should visit the de Young Museum and explore the San Francisco Peninsula, particularly the Mission District and the Painted Ladies""]"
1574,"[""Albert Gleizes""]"
1575,"[""North American Eastern Time Zone (EST)""]"
1576,"[""Google offers a wide range of products and services to customers, including: 1""]"
1577,"[""July 6""]"
1578,"["": Chicago Bulls""]"
1579,"[""Margaret Atwood""]"
1580,"[""James Earl Ray""]"
1581,"[""a federal republic""]"
1582,"[""The last time the Toronto Maple Leafs made the playoffs""]"
1583,"[""North American Eastern Time Zone""]"
1584,"[""the movies that Taylor Lautner has been in: 1""]"
1585,"[""Asbestosis""]"
1586,"[""John Cho""]"
1587,"[""Queen Isabella II of Spain""]"
1588,"[""Hayley Smith""]"
1589,"[""United Kingdom""]"
1590,"[""Bell MTS Iceplex""]"
1591,"[""Jewish History, Jewish Religion: The Weight of Three Thousand Years""]"
1592,"[""United States Senator""]"
1593,"[""Sorry""]"
1594,"[""Seven Springs, Gloucestershire""]"
1595,"[""Lee County High School""]"
1596,"[""the specific new movies that Robert Pattinson is in: 1""]"
1597,"[""Urdu""]"
1598,"[""Nike sells athletic footwear, apparel, and equipment""]"
1599,"[""Madeleine Duncan Brown""]"
1600,"[""Pyongyang""]"
1601,"[""Dame Commander of the Order of the British Empire""]"
1602,"[""Bob Dole""]"
1603,"[""manufactured in various locations, including: 1""]"
1604,"[""Laozi""]"
1605,"[""the specific countries that speak English natively: 1""]"
1606,"[""Leviathan""]"
1607,"[""the counties in Florida with the lowest property taxes: 1""]"
1608,"[""Russell Knox""]"
1609,"[""Egyptian Arabic""]"
1610,"[""Warren Mitchell""]"
1611,"[""Jerald terHorst""]"
1612,"[""Armenian dram""]"
1613,"[""Raphael Sanzio""]"
1614,"[""Malta is an island nation in the Mediterranean Sea, and its official language is Maltese, a Semitic language""]"
1615,"[""Roman Catholic""]"
1616,"[""The Chicago Bulls""]"
1617,"[""Shannon Hoon died from a cocaine overdose""]"
1618,"[""Nicolaus Copernicus discovered the heliocentric model of the universe""]"
1619,"[""the teams Manny Ramirez has played for: 1""]"
1620,"[""The Appalachian Mountains run through eastern North America, spanning across several states""]"
1621,"[""Woodrow Wilson""]"
1622,"[""Democrat""]"
1623,"[""The Pacific Ocean""]"
1624,"[""Spanish""]"
1625,"[""Tunisian Arabic""]"
1626,"[""some inventions that Leonardo da Vinci invented: 1""]"
1627,"[""Sidney Gilliat""]"
1628,"[""the specific answers to the questions: 1""]"
1629,"[""Mexican government""]"
1630,"[""Dominican peso""]"
1631,"[""Nelson Mandela, the President of South Africa in the late 1990s""]"
1632,"[""Ralph Yarborough""]"
1633,"[""City Year""]"
1634,"[""Portrait""]"
1635,"[""Seth MacFarlane""]"
1636,"[""Tony Romo""]"
1637,"[""typhus""]"
1638,"[""the specific Catholic holy days mentioned in the provided context: 1""]"
1639,"[""French""]"
1640,"[""Frank Baum died in Gut Triangel bei Gifhorn, Germany""]"
1641,"[""located in the north-central part of the country""]"
1642,"[""married to Riko Shibata""]"
1643,"[""The members of the Supreme Court of the United States in 2009 were: 1""]"
1644,"[""Brad Dourif""]"
1645,"[""Mary Wollstonecraft fought for women's rights, specifically the right to education and equal access to it""]"
1646,"[""New France""]"
1647,"[""The Philadelphia Phillies began in 1883""]"
1648,"[""Ireland""]"
1649,"[""Icelandic""]"
1650,"[""Theodor Seuss Geisel""]"
1651,"[""Ms""]"
1652,"[""some specific places to eat crawfish in Beaumont, Texas: 1""]"
1653,"[""Scottish Gaelic""]"
1654,"[""Harvard University""]"
1655,"[""Didier Bigo""]"
1656,"[""Ike and Tina Turner's children are: 1""]"
1657,"[""some of Leonardo da Vinci's most famous inventions: 1""]"
1658,"[""Shaquille O'Neal entered the National Basketball Association (NBA) in 1992""]"
1659,"[""Karamanlides""]"
1660,"[""94596""]"
1661,"[""Jared Cunningham""]"
1662,"[""Frank Oz""]"
1663,"[""The Philippines""]"
1664,"[""trumpet""]"
1665,"[""Local currency""]"
1666,"[""Latin originated in the Iberian Peninsula and""]"
1667,"[""Here are the top tourist attractions in Rome: * The Colosseum (4 million tourists a year) * The""]"
1668,"[""The children of King Solomon, according to the Bible, are: 1""]"
1669,"[""Andy Irons died from a self-inflicted gunshot wound""]"
1670,"[""located in Auburn, Alabama, United States""]"
1671,"[""Sonia Ali and Sheriff Ali""]"
1672,"[""Iceland""]"
1673,"[""Maasai""]"
1674,"[""Nazi Party""]"
1675,"[""Kim Jong-un""]"
1676,"[""The Appalachian Mountains run through Pennsylvania, specifically through the state's eastern half""]"
1677,"[""Euros""]"
1678,"[""Stratford-upon-Avon""]"
1679,"[""Argentina""]"
1680,"[""Limited government""]"
1681,"[""The last time the Baltimore Orioles won the World Series""]"
1682,"[""William Shakespeare attended King Edward VI School, Stratford-upon-Avon""]"
1683,"[""Jennifer Aniston""]"
1684,"[""Bokmål""]"
1685,"[""Titus Andronicus""]"
1686,"[""Philadelphia""]"
1687,"[""Jan Brewer""]"
1688,"[""She's Gotta Have It""]"
1689,"[""August 9, 2008""]"
1690,"[""Canada, Norway, Russia, Denmark, Iceland, Sweden, and the United States""]"
1691,"[""Stockholm""]"
1692,"[""Houston Time""]"
1693,"[""Italy""]"
1694,"[""Kazakhstan""]"
1695,"[""Anne Hathaway""]"
1696,"[""Harry S""]"
1697,"[""Ferdinand Magellan""]"
1698,"[""Abraham Lincoln""]"
1699,"[""Thailand""]"
1700,"[""Jim Kirk""]"
1701,"[""located in Skamania County, Washington, in the Pacific Northwest region of the United States""]"
1702,"[""Saint Paul County""]"
1703,"[""Henry FitzRoy, 1st Duke of Richmond and Somerset""]"
1704,"[""David Beckham""]"
1705,"[""The Union""]"
1706,"[""Austro-Hungarian Empire""]"
1707,"[""The Traitor""]"
1708,"[""Michael Rosenbaum""]"
1709,"[""Blue and White""]"
1710,"[""bent""]"
1711,"[""Czech koruna""]"
1712,"[""The last time the Los Angeles Kings won a playoff series""]"
1713,"[""Crested Butte, Colorado""]"
1714,"[""Malaria""]"
1715,"[""Marc Crawford""]"
1716,"[""Oxford University""]"
1717,"[""of Spanish and Venezuelan descent""]"
1718,"[""Thomas Jefferson""]"
1719,"[""part of the Algonquian language family""]"
1720,"[""Ronald Reagan""]"
1721,"[""Burgess Meredith""]"
1722,"[""Spanish""]"
1723,"[""Looking for Alaska""]"
1724,"[""lingua franca""]"
1725,"[""Arsenal won the league in the 1930s and 1940s, and also in 1970-71, 1979-80, 1993-94, 1997-98, 1999-2000, and 2003-04""]"
1726,"[""North American Eastern Time Zone (NATE)""]"
1727,"[""a city in Cumberland County, Maine, United States""]"
1728,"[""Afghanistan Belgium Canada France Germany Guatemala Ireland Italy Lebanon Luxembourg Netherlands Norway Switzerland""]"
1729,"[""Ptolemaîos Sōtḗr""]"
1730,"[""Catherine of Aragon""]"
1731,"[""The Parana River flows from its headwaters in the Brazilian state of Mato Grosso to its confluence with the Uruguay River in the Atlantic Ocean""]"
1732,"[""Richard""]"
1733,"[""Theodor Schwann studied at the Dreikönigsgymnasium (also known""]"
1734,"[""Anthony Alofsin""]"
1735,"[""1978""]"
1736,"[""Most of the people in Russia live in European Russia""]"
1737,"[""Sarasota County""]"
1738,"[""The Last Song""]"
1739,"[""Joshua Morrow""]"
1740,"[""Matt Stone""]"
1741,"[""Jon Voight""]"
1742,"[""Charlotte, North Carolina""]"
1743,"[""Japanese government""]"
1744,"[""Pleistarchus""]"
1745,"[""Texas Rangers""]"
1746,"[""The Toronto Maple Leafs last appeared in the Stanley Cup playoffs in 1998""]"
1747,"[""a country located in the Great Lakes region of Africa""]"
1748,"[""21 December 2012""]"
1749,"[""The Niger River flows through the countries of Burkina Faso, Mali, Niger, and Chad""]"
1750,"[""uncertainty principle""]"
1751,"[""Sarasota""]"
1752,"[""Wolfville""]"
1753,"[""This Side of Paradise""]"
1754,"[""The countries included in TomTom Western Europe are: 1""]"
1755,"[""Persian""]"
1756,"[""The Second Battle of Ypres occurred near the Belgian city of Ypres, specifically in the area around""]"
1757,"[""Hispanic""]"
1758,"[""a former American football wide receiver""]"
1759,"[""Namibia""]"
1760,"[""1""]"
1761,"[""Cote de Pablo plays Ziva David on NCIS""]"
1762,"[""Elizabeth I""]"
1763,"[""the specific ancient Egyptian names mentioned in the text: 1""]"
1764,"[""the specific answer entities: 1""]"
1765,"[""Sarawak""]"
1766,"[""Turkey""]"
1767,"[""Russian""]"
1768,"[""Martin Luther King Jr""]"
1769,"[""English""]"
1770,"[""Cardiff""]"
1771,"[""Spain""]"
1772,"[""Aqidah""]"
1773,"[""Paul Kaba Thieba""]"
1774,"[""Pleistarchus""]"
1775,"[""Jeffery Dench""]"
1776,"[""Spanish""]"
1777,"[""Africa""]"
1778,"[""Marianne Phillips""]"
1779,"[""San Mateo County""]"
1780,"[""Theodore Roosevelt took office on September 14, 1901""]"
1781,"[""In 2010, Michael Oher played for the Tennessee Titans""]"
1782,"[""Albert Einstein's brain""]"
1783,"[""the specific entities mentioned in the text that export to Egypt: 1""]"
1784,"[""Lionel Messi and Antonella Roccuzzo had a baby together""]"
1785,"[""Addis Ababa""]"
1786,"[""Nanny and the Professor""]"
1787,"[""HMS Beagle""]"
1788,"[""Genoa, Italy""]"
1789,"[""Naïve art""]"
1790,"[""indicted for racketeering conspiracy, possession of 15 or more access devices, and aiding and abetting""]"
1791,"[""Oakland, California""]"
1792,"[""Johannes Gutenberg""]"
1793,"[""Midlothian, Scotland""]"
1794,"[""Orlando Pride""]"
1795,"[""Mitt Romney's family""]"
1796,"[""there something else I can help you with?""]"
1797,"[""Gary, Indiana""]"
1798,"[""Ulysses S""]"
1799,"[""Karachi""]"
1800,"[""famous for his novels, short stories, and plays""]"
1801,"[""1903""]"
1802,"[""Ashley Judd""]"
1803,"[""the specific timezones mentioned in the provided context: 1""]"
1804,"[""General Motors (GM) makes vehicles, including cars, trucks, and SUVs""]"
1805,"[""English""]"
1806,"[""Igbo""]"
1807,"[""Power forward / center""]"
1808,"[""Edmonton Oilers""]"
1809,"[""Pedro Pablo Kuczynski""]"
1810,"[""Gibson""]"
1811,"[""Portraits""]"
1812,"[""the senators of New Jersey as of my last update in December 2023: 1""]"
1813,"[""Barbados""]"
1814,"[""Barcelona""]"
1815,"[""Moira MacTaggert, née Kinross, is a fictional character appearing in American comic books published by Marvel Comics, most commonly in association with the X-Men""]"
1816,"[""New York City""]"
1817,"[""Leonardo da Vinci–Fiumicino Airport""]"
1818,"[""Keble College, Oxford""]"
1819,"[""Missouri""]"
1820,"[""Christianity""]"
1821,"[""The factors that led to the rise of the Roman Empire include: 1""]"
1822,"[""the countries with Spanish as their main language: 1""]"
1823,"[""Paul Ryan's family includes: * Mother: Morah (née Moroney) Ryan * Father: Dunie Ryan (note: Dunie""]"
1824,"[""United States""]"
1825,"[""Spanish dollar""]"
1826,"[""The Shame of the Cities""]"
1827,"[""the specific schools Anders Celsius attended: 1""]"
1828,"[""New York""]"
1829,"[""French franc""]"
1830,"[""The type of religion""]"
1831,"[""Cuiba""]"
1832,"[""not specified in the provided context""]"
1833,"[""Martha Graham trained""]"
1834,"[""a federal republic""]"
1835,"[""George Washington Carver made products from peanuts""]"
1836,"[""Czech Republic""]"
1837,"[""Sarasota County, Florida""]"
1838,"[""Here are some specific activities you can do in Bangkok in 4 days: Day 1: * Visit the Grand Palace""]"
1839,"[""the specific sports that are popular in Germany: 1""]"
1840,"[""in the Central Standard Time (CST) zone""]"
1841,"[""Norwegian""]"
1842,"[""Schutzstaffel""]"
1843,"[""The Singapore dollar (S$)""]"
1844,"[""Blackfoot Confederacy""]"
1845,"[""Robin Hood: Prince of Thieves""]"
1846,"[""Central Standard Time (CST) is standard time in the 6th time zone west of Greenwich, reckoned at""]"
1847,"[""Williams""]"
1848,"[""North-Eastern Iraq, North-Western Iran, and North East of Syria""]"
1849,"[""trumpet""]"
1850,"[""Camp Rock""]"
1851,"[""Kemetic Orthodoxy""]"
1852,"[""Here are the specific answer entities: - Libya - Palestine - Israel - Jordan - Bahrain - Cyprus - Saudi Arabia""]"
1853,"[""When Michael Jordan""]"
1854,"[""John Hays Hammond Jr""]"
1855,"[""Alex Borstein""]"
1856,"[""Charles de Gaulle Airport""]"
1857,"[""played by actress Annie Potts""]"
1858,"[""Unapologetic""]"
1859,"[""not publicly disclosed for security and personal reasons""]"
1860,"[""Does it dry up like a raisin in the sun?""]"
1861,"[""The Galileo affair""]"
1862,"[""an absolute monarchy""]"
1863,"[""The Japanese war called""]"
1864,"[""the answers to the questions: 1""]"
1865,"[""Michael Weatherly""]"
1866,"[""Jesus performed miracles, such""]"
1867,"[""New York""]"
1868,"[""located in Charlotte, North Carolina""]"
1869,"[""played by actor Josh Charles""]"
1870,"[""Baines Junior""]"
1871,"[""Kung Fu""]"
1872,"[""Lord Stanley of Preston""]"
1873,"[""Proposition 7""]"
1874,"[""Hong Kong, Macau, and the Republic of China (Taiwan), while traditional Chinese characters can""]"
1875,"[""China""]"
1876,"[""a representative democracy""]"
1877,"[""Akkadian""]"
1878,"[""Abstract expressionist""]"
1879,"[""Limited government""]"
1880,"[""Cuba uses the Cuban peso""]"
1881,"[""Robin Kelly""]"
1882,"[""UTC+0""]"
1883,"[""Secretary to the President""]"
1884,"[""Robert Downey Jr""]"
1885,"[""Barack Obama received the following degrees: 1""]"
1886,"[""the Supreme Being, the destroyer, and the protector, revered""]"
1887,"[""Benjamin Franklin's inventions include: 1""]"
1888,"[""Swiss franc""]"
1889,"[""2018""]"
1890,"[""Al Gore""]"
1891,"[""Franz Liszt composed over 600 works, including: 1""]"
1892,"[""Russia""]"
1893,"[""2018""]"
1894,"[""Egyptian pound""]"
1895,"[""The Brooklyn Dodgers""]"
1896,"[""The Saint Lawrence River""]"
1897,"[""United States of America""]"
1898,"[""the names of Ariel's six sisters: 1""]"
1899,"[""the answer to the question: Seth Green""]"
1900,"[""Ida Saxton McKinley""]"
1901,"[""George Lucas""]"
1902,"[""Tulane University""]"
1903,"[""1564""]"
1904,"[""At the 2002 Winter Olympics in Salt Lake City, Canada won 4 gold medals""]"
1905,"[""a major attraction in Atlanta""]"
1906,"[""Auschwitz concentration camp""]"
1907,"[""Cleopatra""]"
1908,"[""Dominican peso""]"
1909,"[""Elliot Stabler abruptly retired from the police force off-screen during the season 13 premiere""]"
1910,"[""Czech language""]"
1911,"[""Stratford-upon-Avon""]"
1912,"[""Boston College""]"
1913,"[""Joan Crawford died of natural causes on May 10, 1977""]"
1914,"[""Los Angeles, California""]"
1915,"[""2001""]"
1916,"[""Harry S""]"
1917,"[""Herkimer County""]"
1918,"[""Charles Babbage discovered the concept of a digital programmable computer""]"
1919,"[""called Representatives""]"
1920,"[""Danny Jacobs""]"
1921,"[""Richard Scott""]"
1922,"[""Crimean War took place in Crimea, a peninsula in the North Atlantic Ocean, located in the Russian Empire""]"
1923,"[""the specific offices held by Theodore Roosevelt: 1""]"
1924,"[""the movies that Miley Cyrus has been in: 1""]"
1925,"[""19th century""]"
1926,"[""Harvey Milk""]"
1927,"[""The Libyan conflict started in 1978""]"
1928,"[""Venice""]"
1929,"[""Phoenix Mercury""]"
1930,"[""You""]"
1931,"[""The Tyne and Wear Metro is a rapid transit and light rail system in North East England, serving""]"
1932,"[""Gregor Mendel used pea plants in his experiments""]"
1933,"[""William Shakespeare""]"
1934,"[""2005""]"
1935,"[""Los Angeles""]"
1936,"[""University of Connecticut""]"
1937,"[""The 2022 World Series""]"
1938,"[""the specific answer entities: 1""]"
1939,"[""Marshall Eriksen and Lily Aldrin got married at the Van Smoot House in New York City""]"
1940,"[""Canadian government""]"
1941,"[""The Nation of Islam""]"
1942,"[""Democracy""]"
1943,"[""the specific answers to the questions: 1""]"
1944,"[""Samuel Gompers""]"
1945,"[""Santiago de Cuba""]"
1946,"[""Warren Buffett invested in Berkshire Hathaway Inc""]"
1947,"[""+52""]"
1948,"[""Switzerland uses the Swiss franc""]"
1949,"[""The British colony refers to the territories controlled by the British Crown or its predecessor states, particularly in North America and the Caribbean""]"
1950,"[""London 2012""]"
1951,"[""Arlington National Cemetery in Arlington, Virginia""]"
1952,"[""Ohio State""]"
1953,"[""Egypt""]"
1954,"[""the specific answers to the questions: 1""]"
1955,"[""Ukrainian""]"
1956,"[""the specific judges mentioned in the text who were appointed to the Supreme Court: 1""]"
1957,"[""Russia""]"
1958,"[""Charmed""]"
1959,"[""Chris Rock""]"
1960,"[""some vegetables you can plant in November in Southern California: 1""]"
1961,"[""The last time the Toronto Maple Leafs won the Stanley Cup""]"
1962,"[""Egyptian Arabic""]"
1963,"[""Brazilian Portuguese""]"
1964,"[""Quarterback""]"
1965,"[""Rod Gilfry""]"
1966,"[""Lola Bunny""]"
1967,"[""On the Origin of Species""]"
1968,"[""Serbs speak Serbian""]"
1969,"[""Murder of Laci Peterson""]"
1970,"[""The Brooklyn Nets""]"
1971,"[""The government of the Virginia Colony""]"
1972,"[""the specific movies Gerard Butler has been in: 1""]"
1973,"[""Philadelphia, Pennsylvania""]"
1974,"[""Bosnian""]"
1975,"[""a heliocentric model of the universe""]"
1976,"[""Spectre""]"
1977,"[""I can answer this question: Didier Drogba played for Chelsea""]"
1978,"[""Texas Tech University""]"
1979,"[""Sweden""]"
1980,"[""Tyler Patmon, number 22""]"
1981,"[""located in the St""]"
1982,"[""Massachusetts""]"
1983,"[""Baroque music""]"
1984,"[""Harvard University""]"
1985,"[""Jesus' brothers according to the New Testament""]"
1986,"[""Tennessee Titans""]"
1987,"[""the specific films mentioned that Daniel Craig has been in: 1""]"
1988,"[""Materials used in Eduardo Paolozzi's work include: * Cast iron * Aluminium * Card * Glass * Paper *""]"
1989,"[""Joe Biden studied English and reading in high schools""]"
1990,"[""Arthur Miller""]"
1991,"[""Ernie Sabella""]"
1992,"[""in the Midwestern United States, specifically in the Great Lakes region""]"
1993,"[""on the island of Oahu""]"
1994,"[""Spanish""]"
1995,"[""Grammy Award for Best Musical Theater Album""]"
1996,"[""Modern-day Judah refers to the state of Israel""]"
1997,"[""How I Met Your Mother""]"
1998,"[""Owen Schmitt""]"
1999,"[""Democratic-Republican Party""]"
2000,"[""the specific answers: 1""]"
2001,"[""Kim Cattrall""]"
2002,"[""Chelsea won the 2000 FA Cup final, defeating Arsenal 2-1 in the final""]"
2003,"[""The names of Michael Jackson's kids are: 1""]"
2004,"[""Abduction""]"
2005,"[""Japan Time""]"
2006,"[""Ken Jenkins""]"
2007,"[""of Italian-American ancestry""]"
2008,"[""Czech""]"
2009,"[""the countries that speak Arabic language: 1""]"
2010,"[""Apple Inc""]"
2011,"[""the specific degrees held by Mitt Romney: 1""]"
2012,"[""Nine Mile, Jamaica""]"
2013,"[""British Summer Time""]"
2014,"[""a 110-story, skyscraper in Chicago, Illinois""]"
2015,"[""Triple-negative breast cancer""]"
2016,"[""National""]"
2017,"[""Italy""]"
2018,"[""The Christian Heritage Party of Canada""]"
2019,"[""Jack London""]"
2020,"[""Morgan Freeman married Gail Innes""]"
2021,"[""Apennine Mountains""]"
2022,"[""Edith R""]"
2023,"[""American""]"
2024,"[""Haren, Brussels, Belgium""]"
2025,"[""Maryland""]"
2026,"[""Indian Ocean""]"
2027,"[""1""]"
2028,"[""Real Madrid""]"
2029,"[""Jacques Lefebvre""]"
2030,"[""Knossos""]"
2031,"[""a city in north Fulton County, Georgia, United States""]"
2032,"[""Chris Riley""]"
